route,mean_price,median_price,min_price,max_price,std_price,cv_price,range_price,iqr_price,skew_price,last_minute_premium,late_price,early_price,days_price_corr,days_price_slope
Bangalore-Chennai,7167.487425460202,6213.0,1715.0,19659.0,3692.3562681019325,0.5151535048371373,17944.0,4569.0,1.171889864144619,2.297652670922987,12754.745454545455,5551.206940874036,-0.5586334150599168,-153.82461969404267
Bangalore-Delhi,6023.00020204061,4500.0,2723.0,19652.0,3192.389920629038,0.5300331750856404,16929.0,3460.0,1.4429628780553085,2.631409038961052,11345.08516886931,4311.410731244065,-0.6574683339640579,-154.70394289258599
Bangalore-Hyderabad,6509.231731284617,6133.0,1714.0,19223.0,3399.2982180661616,0.5222272548277059,17509.0,3475.0,0.9502521598943849,2.003520040576615,10631.037037037036,5306.179534883721,-0.45242540096107153,-114.30974843574532
Bangalore-Kolkata,7140.997198053385,6271.0,3026.0,19616.0,3496.177212305497,0.4895922957732773,16590.0,3641.0,1.1256044061523907,2.1386336343551275,12081.098360655738,5648.979875086745,-0.5235050609110007,-136.3822233330915
Bangalore-Mumbai,6243.358214120904,6181.0,2150.0,19459.0,3060.8931885413567,0.49026390662935004,17309.0,2890.5,1.104865981940114,2.093567142460239,10099.252158894646,4823.944718117132,-0.5148136514943633,-116.55934969074498
Chennai-Bangalore,7112.025735294118,6308.0,1830.0,19586.0,3502.031812295644,0.49240989032371907,17756.0,4350.0,1.3448645226600051,2.279783696902422,12507.702127659575,5486.354755784062,-0.5560082250546987,-146.7014727563348
Chennai-Delhi,5982.334188034188,4992.5,2051.0,19638.0,3191.9033314516623,0.5335548351404505,17587.0,3493.0,1.3130702361593665,2.5489727298206253,11201.489164086688,4394.511182108627,-0.6032780115898273,-146.71282575336937
Chennai-Hyderabad,6601.379371665679,5659.0,1800.0,19638.0,3633.0025406736395,0.5503399117261988,17838.0,3623.0,1.367402737946385,2.3923574604084,11467.926229508197,4793.567190226876,-0.5377744568242129,-145.6583497257598
Chennai-Kolkata,7195.031421341207,5937.0,2359.0,19658.0,3897.706074850036,0.5417218975985341,17299.0,4160.0,1.1391762507505816,2.402344798429212,12475.4375,5193.025375939849,-0.5281379593930481,-154.28217199709
Chennai-Mumbai,6265.613372093023,5037.0,1830.0,19638.0,3627.7052807981922,0.5789864559718852,17808.0,4165.25,1.2512522021585388,3.111067788425163,12466.130303030302,4007.0262529832935,-0.6582575237449462,-182.05460396768066
Delhi-Bangalore,6029.350899870737,4500.0,3090.0,19658.0,3111.2341426643684,0.5160147741162436,16568.0,3404.0,1.5997077756676918,2.483500522955157,11129.069209039548,4481.202683942619,-0.6278850945376047,-143.898366664698
Delhi-Chennai,5953.500328990656,4979.0,1998.0,19626.0,3269.135730196378,0.549111539353962,17628.0,3438.0,1.433407533950383,2.4398370300754744,11022.282608695652,4517.630674846626,-0.5626953713553258,-139.7852030406996
Delhi-Hyderabad,5908.519969395562,5761.0,2022.0,19605.0,2957.1928016045936,0.5004963708207815,17583.0,2031.0,1.1712261651498912,2.2625008608724904,10269.929611650485,4539.193681318681,-0.569347482357776,-124.39962378221716
Delhi-Kolkata,6883.620275314979,5955.0,2480.0,19605.0,3356.0017355376035,0.4875344079586145,17125.0,2925.0,1.2990658873054741,2.0813134123153745,11100.765751211631,5333.5387575590985,-0.5235626061929679,-128.66771235112154
Delhi-Mumbai,5903.86996966633,5231.0,2281.0,19605.0,3428.9310308073846,0.5807937926182304,17324.0,3523.0,1.3751382418720886,2.4312573317722728,10714.26461988304,4406.882183908046,-0.5418692313113798,-137.3607806800485
Hyderabad-Bangalore,6094.69588131954,5441.0,1755.0,19573.0,3482.676274761589,0.571427408779512,17818.0,2722.0,1.152482964782639,2.3356946024301655,10859.274725274725,4649.2699490662135,-0.4698600528311683,-121.59402003366316
Hyderabad-Chennai,6293.237700534759,4964.0,1776.0,19363.0,3502.0025064063743,0.5564707187381142,17587.0,3353.0,1.2728165699840455,2.384244600442109,11314.64,4745.5869242199105,-0.535291771284191,-142.46016922565607
Hyderabad-Delhi,5992.706127901152,5823.0,2200.0,19573.0,2944.2098833368113,0.49129889243675845,17373.0,2120.0,1.1405202518290567,2.4139791862943185,11031.802013422819,4569.965671641791,-0.6013975129195306,-133.68465105273003
Hyderabad-Kolkata,6745.9417580442205,5960.0,2056.0,19258.0,3161.8969582402615,0.4687109778956877,17202.0,3245.0,1.071730258456673,2.0320109521210377,10813.79746835443,5321.722039473684,-0.4872254669165983,-115.28778501222266
Hyderabad-Mumbai,5902.4161999138305,4646.0,2250.0,19468.0,3107.212716076735,0.52643063634213,17218.0,3331.0,1.6254948399534228,2.5828986470872035,11356.144385026739,4396.666666666667,-0.5754710551750267,-136.03146518859532
Kolkata-Bangalore,7323.110850783423,6489.0,3465.0,19614.0,3271.415926191429,0.446724895041218,16149.0,3463.0,1.20977892689656,2.081845982311191,12170.736040609137,5846.127016129032,-0.5298306045789305,-129.39069202966343
Kolkata-Chennai,7641.064178425125,6488.0,2966.0,19614.0,3892.7657479811046,0.5094533506173783,16648.0,3394.0,1.159605472552909,2.351986080186626,13028.875,5539.520454545454,-0.5753023327126239,-169.94540483225222
Kolkata-Delhi,6973.211909385113,6375.0,2994.0,19657.0,3346.04061601186,0.479842095650139,16663.0,2835.0,1.4251199321204469,2.2019128481969954,11699.108695652174,5313.157014925373,-0.5439594661887905,-136.59290483261586
Kolkata-Hyderabad,7386.959550154181,6488.0,2436.0,19550.0,3292.128308677336,0.44566756949530373,17114.0,4232.0,1.0111665614084246,2.443274512584531,12984.67385444744,5314.455574912892,-0.6726943766929193,-164.18118068611477
Kolkata-Mumbai,7287.800920169112,6067.0,3379.0,19667.0,3076.432913294334,0.42213459821333127,16288.0,2464.0,1.3892223064841418,2.12289593550118,12167.560767590618,5731.586067933218,-0.5883837477925002,-135.5633040214731
Mumbai-Bangalore,6313.096725673956,6232.0,2074.0,19543.0,3257.415923919463,0.5159775092106983,17469.0,3048.0,0.9911952244975846,2.109974413039532,10320.739057239058,4891.404840484049,-0.48457603868324156,-116.45372814559369
Mumbai-Chennai,6149.1347858752815,4683.0,1890.0,19636.0,3537.5678762145244,0.5752952243526045,17746.0,4082.0,1.24473457457189,2.902574215385062,11512.386587771203,3966.267779390421,-0.6795420648603712,-176.5987367273107
Mumbai-Delhi,5705.6454273636455,5303.0,2336.0,19646.0,3375.232415294112,0.5915601413131756,17310.0,3456.0,1.4031696687142468,2.4666508541908314,10400.23870967742,4216.3400191021965,-0.5281237277943239,-132.44012594003073
Mumbai-Hyderabad,5705.122557471264,4263.0,2105.0,19541.0,2933.578699224982,0.5142008203457876,17436.0,3668.0,1.5979721388854007,2.3034057537740384,9834.791423001949,4269.673897830651,-0.5761661640631538,-124.78927911004024
Mumbai-Kolkata,7068.70633640553,5949.0,2835.0,19436.0,3076.596607479386,0.43524181951571206,16601.0,3053.0,1.2191426121930906,2.189051598494317,11698.41408934708,5344.055890410958,-0.6306067076404216,-143.5249433776771
