route,days_left,mean_price
Bangalore-Chennai,1,14533.379310344828
Bangalore-Chennai,2,14284.980392156862
Bangalore-Chennai,3,12738.482142857143
Bangalore-Chennai,4,12280.538461538461
Bangalore-Chennai,5,11431.932432432432
Bangalore-Chennai,6,11050.175675675675
Bangalore-Chennai,7,11128.166666666666
Bangalore-Chennai,8,11336.089552238805
Bangalore-Chennai,9,11369.617647058823
Bangalore-Chennai,10,10850.69696969697
Bangalore-Chennai,11,10461.047619047618
Bangalore-Chennai,12,10715.08988764045
Bangalore-Chennai,13,10686.70588235294
Bangalore-Chennai,14,10958.098765432098
Bangalore-Chennai,15,10150.8
Bangalore-Chennai,16,6517.953488372093
Bangalore-Chennai,17,6217.9111111111115
Bangalore-Chennai,18,5504.090909090909
Bangalore-Chennai,19,5528.65625
Bangalore-Chennai,20,5420.865853658536
Bangalore-Chennai,21,5676.61797752809
Bangalore-Chennai,22,5902.9047619047615
Bangalore-Chennai,23,6150.04255319149
Bangalore-Chennai,24,5696.913978494624
Bangalore-Chennai,25,5337.341176470588
Bangalore-Chennai,26,5439.484536082474
Bangalore-Chennai,27,5391.705882352941
Bangalore-Chennai,28,5601.23595505618
Bangalore-Chennai,29,5598.253012048192
Bangalore-Chennai,30,5969.175824175824
Bangalore-Chennai,31,5540.378048780488
Bangalore-Chennai,32,5404.61038961039
Bangalore-Chennai,33,5618.930232558139
Bangalore-Chennai,34,5454.883116883117
Bangalore-Chennai,35,5663.876543209876
Bangalore-Chennai,36,5454.72972972973
Bangalore-Chennai,37,5887.144578313253
Bangalore-Chennai,38,5636.5875
Bangalore-Chennai,39,5422.818181818182
Bangalore-Chennai,40,5590.620689655172
Bangalore-Chennai,41,5443.142857142857
Bangalore-Chennai,42,5637.765432098766
Bangalore-Chennai,43,5463.243243243243
Bangalore-Chennai,44,5722.8117647058825
Bangalore-Chennai,45,5595.382352941177
Bangalore-Chennai,46,5436.789473684211
Bangalore-Chennai,47,5615.506024096386
Bangalore-Chennai,48,5485.7945205479455
Bangalore-Chennai,49,5482.743243243243
Bangalore-Delhi,1,12705.233009708738
Bangalore-Delhi,2,13171.981481481482
Bangalore-Delhi,3,11738.438461538462
Bangalore-Delhi,4,10241.448863636364
Bangalore-Delhi,5,10160.353658536585
Bangalore-Delhi,6,9907.994680851063
Bangalore-Delhi,7,9965.079754601227
Bangalore-Delhi,8,10675.491978609625
Bangalore-Delhi,9,10670.478260869566
Bangalore-Delhi,10,10273.160621761657
Bangalore-Delhi,11,9584.414414414414
Bangalore-Delhi,12,9350.143518518518
Bangalore-Delhi,13,9411.279279279279
Bangalore-Delhi,14,9770.740196078432
Bangalore-Delhi,15,9164.56338028169
Bangalore-Delhi,16,5190.123762376237
Bangalore-Delhi,17,4879.8110599078345
Bangalore-Delhi,18,4818.722466960352
Bangalore-Delhi,19,4606.324074074074
Bangalore-Delhi,20,4638.160550458716
Bangalore-Delhi,21,4564.330097087379
Bangalore-Delhi,22,4570.584112149532
Bangalore-Delhi,23,4585.39705882353
Bangalore-Delhi,24,4577.666666666667
Bangalore-Delhi,25,4437.45575221239
Bangalore-Delhi,26,4282.552995391705
Bangalore-Delhi,27,4427.642201834862
Bangalore-Delhi,28,4477.349514563107
Bangalore-Delhi,29,4710.855813953488
Bangalore-Delhi,30,4705.708737864078
Bangalore-Delhi,31,4439.773148148148
Bangalore-Delhi,32,4255.857777777778
Bangalore-Delhi,33,4262.373271889401
Bangalore-Delhi,34,4421.884792626728
Bangalore-Delhi,35,4492.137931034483
Bangalore-Delhi,36,4479.364055299539
Bangalore-Delhi,37,4528.819512195122
Bangalore-Delhi,38,4702.287735849057
Bangalore-Delhi,39,4431.862831858407
Bangalore-Delhi,40,4203.419354838709
Bangalore-Delhi,41,4276.114678899083
Bangalore-Delhi,42,4274.15763546798
Bangalore-Delhi,43,4419.147465437788
Bangalore-Delhi,44,4480.828431372549
Bangalore-Delhi,45,4402.342857142857
Bangalore-Delhi,46,4274.276497695852
Bangalore-Delhi,47,4180.1225490196075
Bangalore-Delhi,48,4241.811320754717
Bangalore-Delhi,49,4366.563725490196
Bangalore-Hyderabad,1,13781.583333333334
Bangalore-Hyderabad,2,10996.892307692307
Bangalore-Hyderabad,3,10644.15
Bangalore-Hyderabad,4,10161.323529411764
Bangalore-Hyderabad,5,8937.65306122449
Bangalore-Hyderabad,6,9513.77966101695
Bangalore-Hyderabad,7,9587.09
Bangalore-Hyderabad,8,9088.047619047618
Bangalore-Hyderabad,9,9729.743801652892
Bangalore-Hyderabad,10,9370.830508474577
Bangalore-Hyderabad,11,8497.412280701754
Bangalore-Hyderabad,12,8602.47899159664
Bangalore-Hyderabad,13,8806.765217391305
Bangalore-Hyderabad,14,9239.38524590164
Bangalore-Hyderabad,15,9137.704
Bangalore-Hyderabad,16,5836.196721311476
Bangalore-Hyderabad,17,5731.5887096774195
Bangalore-Hyderabad,18,5183.2661290322585
Bangalore-Hyderabad,19,4935.208
Bangalore-Hyderabad,20,5336.419847328244
Bangalore-Hyderabad,21,5396.728
Bangalore-Hyderabad,22,5363.573643410853
Bangalore-Hyderabad,23,5284.040322580645
Bangalore-Hyderabad,24,5798.62015503876
Bangalore-Hyderabad,25,5002.203125
Bangalore-Hyderabad,26,4929.88524590164
Bangalore-Hyderabad,27,5168.421875
Bangalore-Hyderabad,28,5360.246031746032
Bangalore-Hyderabad,29,5404.259541984733
Bangalore-Hyderabad,30,5280.776
Bangalore-Hyderabad,31,5693.737288135593
Bangalore-Hyderabad,32,5211.5625
Bangalore-Hyderabad,33,5353.323529411765
Bangalore-Hyderabad,34,5455.419642857143
Bangalore-Hyderabad,35,5226.803278688524
Bangalore-Hyderabad,36,5277.9384615384615
Bangalore-Hyderabad,37,5234.015625
Bangalore-Hyderabad,38,5705.984375
Bangalore-Hyderabad,39,5170.460869565218
Bangalore-Hyderabad,40,5190.44
Bangalore-Hyderabad,41,5377.649122807017
Bangalore-Hyderabad,42,5403.027522935779
Bangalore-Hyderabad,43,5449.75
Bangalore-Hyderabad,44,5232.991228070176
Bangalore-Hyderabad,45,5777.208695652174
Bangalore-Hyderabad,46,5160.315789473684
Bangalore-Hyderabad,47,5160.386363636364
Bangalore-Hyderabad,48,5112.779816513761
Bangalore-Hyderabad,49,5121.22
Bangalore-Kolkata,1,13870.863636363636
Bangalore-Kolkata,2,13054.971014492754
Bangalore-Kolkata,3,12310.064516129032
Bangalore-Kolkata,4,11224.764705882353
Bangalore-Kolkata,5,11440.539215686274
Bangalore-Kolkata,6,10658.84677419355
Bangalore-Kolkata,7,11721.810344827587
Bangalore-Kolkata,8,11152.204724409448
Bangalore-Kolkata,9,12117.760683760684
Bangalore-Kolkata,10,11023.291666666666
Bangalore-Kolkata,11,9672.874213836478
Bangalore-Kolkata,12,9351.65034965035
Bangalore-Kolkata,13,9449.972602739726
Bangalore-Kolkata,14,9997.0
Bangalore-Kolkata,15,9581.513888888889
Bangalore-Kolkata,16,6939.55944055944
Bangalore-Kolkata,17,6314.945945945946
Bangalore-Kolkata,18,5960.914473684211
Bangalore-Kolkata,19,5910.277027027027
Bangalore-Kolkata,20,5854.891891891892
Bangalore-Kolkata,21,5964.578231292517
Bangalore-Kolkata,22,5894.277027027027
Bangalore-Kolkata,23,6163.1875
Bangalore-Kolkata,24,5970.6621621621625
Bangalore-Kolkata,25,5692.493670886076
Bangalore-Kolkata,26,5821.882352941177
Bangalore-Kolkata,27,5763.217948717948
Bangalore-Kolkata,28,5971.184931506849
Bangalore-Kolkata,29,5884.270833333333
Bangalore-Kolkata,30,6092.063829787234
Bangalore-Kolkata,31,5759.450331125828
Bangalore-Kolkata,32,5571.4838709677415
Bangalore-Kolkata,33,5749.671052631579
Bangalore-Kolkata,34,5621.22972972973
Bangalore-Kolkata,35,5790.986206896552
Bangalore-Kolkata,36,5777.863945578231
Bangalore-Kolkata,37,6123.992857142857
Bangalore-Kolkata,38,6263.5723684210525
Bangalore-Kolkata,39,5569.849673202614
Bangalore-Kolkata,40,5614.34
Bangalore-Kolkata,41,5538.149350649351
Bangalore-Kolkata,42,5569.628378378378
Bangalore-Kolkata,43,5669.465753424657
Bangalore-Kolkata,44,5899.604026845637
Bangalore-Kolkata,45,5747.65
Bangalore-Kolkata,46,5530.91724137931
Bangalore-Kolkata,47,5652.165413533835
Bangalore-Kolkata,48,5663.065693430657
Bangalore-Kolkata,49,5610.3165467625895
Bangalore-Mumbai,1,11683.55
Bangalore-Mumbai,2,11012.484848484848
Bangalore-Mumbai,3,10906.429824561403
Bangalore-Mumbai,4,9308.15671641791
Bangalore-Mumbai,5,8762.638157894737
Bangalore-Mumbai,6,9316.076923076924
Bangalore-Mumbai,7,9354.030864197532
Bangalore-Mumbai,8,9563.48447204969
Bangalore-Mumbai,9,10011.77922077922
Bangalore-Mumbai,10,9909.51923076923
Bangalore-Mumbai,11,8536.117647058823
Bangalore-Mumbai,12,8291.2
Bangalore-Mumbai,13,8334.952380952382
Bangalore-Mumbai,14,8534.786458333334
Bangalore-Mumbai,15,8292.664974619289
Bangalore-Mumbai,16,5886.278947368421
Bangalore-Mumbai,17,6043.357512953368
Bangalore-Mumbai,18,5384.412698412699
Bangalore-Mumbai,19,5399.931216931217
Bangalore-Mumbai,20,5244.925925925926
Bangalore-Mumbai,21,5250.7692307692305
Bangalore-Mumbai,22,5244.817708333333
Bangalore-Mumbai,23,5258.383783783784
Bangalore-Mumbai,24,5538.163157894737
Bangalore-Mumbai,25,5151.314136125655
Bangalore-Mumbai,26,5192.873015873016
Bangalore-Mumbai,27,5134.047619047619
Bangalore-Mumbai,28,5128.125
Bangalore-Mumbai,29,5215.880829015544
Bangalore-Mumbai,30,5312.356382978724
Bangalore-Mumbai,31,5111.27807486631
Bangalore-Mumbai,32,4739.564245810056
Bangalore-Mumbai,33,4899.9889502762435
Bangalore-Mumbai,34,4955.302702702703
Bangalore-Mumbai,35,5205.588235294118
Bangalore-Mumbai,36,5160.863874345549
Bangalore-Mumbai,37,5195.179347826087
Bangalore-Mumbai,38,5938.630434782609
Bangalore-Mumbai,39,4998.784946236559
Bangalore-Mumbai,40,4887.49723756906
Bangalore-Mumbai,41,4826.064516129032
Bangalore-Mumbai,42,4877.440860215053
Bangalore-Mumbai,43,4840.70744680851
Bangalore-Mumbai,44,4815.230337078651
Bangalore-Mumbai,45,4828.252808988764
Bangalore-Mumbai,46,4769.631016042781
Bangalore-Mumbai,47,4805.1292134831465
Bangalore-Mumbai,48,4789.429347826087
Bangalore-Mumbai,49,4799.867403314917
Chennai-Bangalore,1,11473.5
Chennai-Bangalore,2,14440.222222222223
Chennai-Bangalore,3,13183.882352941177
Chennai-Bangalore,4,13111.298507462687
Chennai-Bangalore,5,11060.323076923078
Chennai-Bangalore,6,10937.6875
Chennai-Bangalore,7,10922.420289855072
Chennai-Bangalore,8,10828.80357142857
Chennai-Bangalore,9,11930.972602739726
Chennai-Bangalore,10,10431.241379310344
Chennai-Bangalore,11,10027.08
Chennai-Bangalore,12,9699.777777777777
Chennai-Bangalore,13,10213.430555555555
Chennai-Bangalore,14,10310.706666666667
Chennai-Bangalore,15,10364.921052631578
Chennai-Bangalore,16,8441.586666666666
Chennai-Bangalore,17,7458.75
Chennai-Bangalore,18,6614.384615384615
Chennai-Bangalore,19,5655.493506493506
Chennai-Bangalore,20,6317.549295774648
Chennai-Bangalore,21,5638.795454545455
Chennai-Bangalore,22,6153.037037037037
Chennai-Bangalore,23,6362.75
Chennai-Bangalore,24,6211.782051282052
Chennai-Bangalore,25,5527.569620253164
Chennai-Bangalore,26,5382.151898734177
Chennai-Bangalore,27,5523.810126582279
Chennai-Bangalore,28,5783.482758620689
Chennai-Bangalore,29,5867.175
Chennai-Bangalore,30,5896.386666666666
Chennai-Bangalore,31,5402.24358974359
Chennai-Bangalore,32,5483.565789473684
Chennai-Bangalore,33,5320.223684210527
Chennai-Bangalore,34,5570.75641025641
Chennai-Bangalore,35,5748.658823529412
Chennai-Bangalore,36,5848.871794871795
Chennai-Bangalore,37,5799.594594594595
Chennai-Bangalore,38,6259.7875
Chennai-Bangalore,39,5500.078947368421
Chennai-Bangalore,40,5382.194805194805
Chennai-Bangalore,41,5396.116883116883
Chennai-Bangalore,42,5638.235294117647
Chennai-Bangalore,43,5788.876543209876
Chennai-Bangalore,44,5511.5
Chennai-Bangalore,45,5336.141025641025
Chennai-Bangalore,46,5683.835443037975
Chennai-Bangalore,47,5301.64
Chennai-Bangalore,48,5400.479452054795
Chennai-Bangalore,49,5384.227848101265
Chennai-Delhi,1,17327.0
Chennai-Delhi,2,12143.976744186046
Chennai-Delhi,3,11677.90909090909
Chennai-Delhi,4,11090.86170212766
Chennai-Delhi,5,10462.579439252337
Chennai-Delhi,6,10273.68376068376
Chennai-Delhi,7,10345.183333333332
Chennai-Delhi,8,10152.770642201835
Chennai-Delhi,9,11073.371900826447
Chennai-Delhi,10,10728.669291338583
Chennai-Delhi,11,9558.173333333334
Chennai-Delhi,12,9497.12962962963
Chennai-Delhi,13,9592.876623376624
Chennai-Delhi,14,9608.96129032258
Chennai-Delhi,15,9407.028368794327
Chennai-Delhi,16,5418.556291390729
Chennai-Delhi,17,5451.593333333333
Chennai-Delhi,18,4833.195945945946
Chennai-Delhi,19,4976.921568627451
Chennai-Delhi,20,4633.278481012659
Chennai-Delhi,21,4638.452380952381
Chennai-Delhi,22,4818.493150684932
Chennai-Delhi,23,4868.19018404908
Chennai-Delhi,24,5015.466666666666
Chennai-Delhi,25,4577.3
Chennai-Delhi,26,4472.372781065089
Chennai-Delhi,27,4524.79012345679
Chennai-Delhi,28,4546.888888888889
Chennai-Delhi,29,4758.426666666666
Chennai-Delhi,30,4746.164634146341
Chennai-Delhi,31,4657.9
Chennai-Delhi,32,4435.681818181818
Chennai-Delhi,33,4420.545454545455
Chennai-Delhi,34,4679.647798742139
Chennai-Delhi,35,4689.0898203592815
Chennai-Delhi,36,4609.586666666667
Chennai-Delhi,37,5110.157575757576
Chennai-Delhi,38,5107.343949044586
Chennai-Delhi,39,4403.071428571428
Chennai-Delhi,40,4286.196319018405
Chennai-Delhi,41,4353.365853658536
Chennai-Delhi,42,4398.143712574851
Chennai-Delhi,43,4514.751677852349
Chennai-Delhi,44,4491.636942675159
Chennai-Delhi,45,4686.7828947368425
Chennai-Delhi,46,4368.87417218543
Chennai-Delhi,47,4156.674846625767
Chennai-Delhi,48,4341.936170212766
Chennai-Delhi,49,4370.829113924051
Chennai-Hyderabad,1,11447.0
Chennai-Hyderabad,2,13304.627906976744
Chennai-Hyderabad,3,12364.125
Chennai-Hyderabad,4,11211.873015873016
Chennai-Hyderabad,5,10055.525
Chennai-Hyderabad,6,10142.614457831325
Chennai-Hyderabad,7,9586.6
Chennai-Hyderabad,8,9905.360465116279
Chennai-Hyderabad,9,9284.731707317073
Chennai-Hyderabad,10,9786.277108433735
Chennai-Hyderabad,11,8822.258823529412
Chennai-Hyderabad,12,8800.569892473119
Chennai-Hyderabad,13,9104.760869565218
Chennai-Hyderabad,14,8976.032258064517
Chennai-Hyderabad,15,9099.318181818182
Chennai-Hyderabad,16,6306.404255319149
Chennai-Hyderabad,17,6335.397727272727
Chennai-Hyderabad,18,5229.5609756097565
Chennai-Hyderabad,19,5330.865853658536
Chennai-Hyderabad,20,4714.988235294118
Chennai-Hyderabad,21,4904.90243902439
Chennai-Hyderabad,22,4900.456790123457
Chennai-Hyderabad,24,5289.6125
Chennai-Hyderabad,25,4741.696202531645
Chennai-Hyderabad,26,4734.807692307692
Chennai-Hyderabad,28,4712.4177215189875
Chennai-Hyderabad,29,4793.822784810127
Chennai-Hyderabad,30,4788.628205128205
Chennai-Hyderabad,31,5022.723076923077
Chennai-Hyderabad,32,4777.870967741936
Chennai-Hyderabad,33,5014.859375
Chennai-Hyderabad,34,5060.384615384615
Chennai-Hyderabad,35,4647.891891891892
Chennai-Hyderabad,36,4636.705128205128
Chennai-Hyderabad,37,5123.3026315789475
Chennai-Hyderabad,38,5536.620253164557
Chennai-Hyderabad,39,5119.0
Chennai-Hyderabad,40,4710.777777777777
Chennai-Hyderabad,41,4703.293103448276
Chennai-Hyderabad,42,4540.846153846154
Chennai-Hyderabad,43,4525.742857142857
Chennai-Hyderabad,44,4577.333333333333
Chennai-Hyderabad,45,5221.701754385965
Chennai-Hyderabad,46,4754.846153846154
Chennai-Hyderabad,47,4961.208333333333
Chennai-Hyderabad,48,4952.734693877551
Chennai-Hyderabad,49,5231.333333333333
Chennai-Kolkata,1,6547.0
Chennai-Kolkata,2,13448.137931034482
Chennai-Kolkata,3,12546.35294117647
Chennai-Kolkata,4,12284.290697674418
Chennai-Kolkata,5,12509.225352112677
Chennai-Kolkata,6,11415.445652173914
Chennai-Kolkata,7,11757.582417582418
Chennai-Kolkata,8,11384.434782608696
Chennai-Kolkata,9,12323.896103896104
Chennai-Kolkata,10,11594.272727272728
Chennai-Kolkata,11,9856.764150943396
Chennai-Kolkata,12,9412.44859813084
Chennai-Kolkata,13,9650.49090909091
Chennai-Kolkata,14,10067.081081081082
Chennai-Kolkata,15,10206.240384615385
Chennai-Kolkata,16,7756.853211009175
Chennai-Kolkata,17,7387.716814159292
Chennai-Kolkata,18,6448.303571428572
Chennai-Kolkata,19,6326.241071428572
Chennai-Kolkata,20,6374.2477876106195
Chennai-Kolkata,21,6031.189189189189
Chennai-Kolkata,22,6639.945945945946
Chennai-Kolkata,23,6630.315315315315
Chennai-Kolkata,24,6540.518518518518
Chennai-Kolkata,25,5959.45045045045
Chennai-Kolkata,26,5594.470085470086
Chennai-Kolkata,27,5948.405405405405
Chennai-Kolkata,28,6009.9375
Chennai-Kolkata,30,6267.603603603604
Chennai-Kolkata,31,5346.730434782608
Chennai-Kolkata,32,5328.805309734514
Chennai-Kolkata,33,5128.982142857143
Chennai-Kolkata,34,5689.666666666667
Chennai-Kolkata,36,5856.495575221239
Chennai-Kolkata,37,6572.834862385321
Chennai-Kolkata,38,6674.392857142857
Chennai-Kolkata,39,5275.061946902655
Chennai-Kolkata,40,4945.059829059829
Chennai-Kolkata,41,5089.592920353983
Chennai-Kolkata,42,5208.903508771929
Chennai-Kolkata,43,5317.781818181818
Chennai-Kolkata,44,5201.769911504425
Chennai-Kolkata,45,5387.039603960396
Chennai-Kolkata,46,5160.33
Chennai-Kolkata,47,5119.844660194175
Chennai-Kolkata,48,5351.1578947368425
Chennai-Kolkata,49,5196.775510204082
Chennai-Mumbai,1,15443.5
Chennai-Mumbai,2,14847.327586206897
Chennai-Mumbai,3,14035.484375
Chennai-Mumbai,4,11761.418367346938
Chennai-Mumbai,5,10754.849056603774
Chennai-Mumbai,6,10865.850877192983
Chennai-Mumbai,7,10537.308333333332
Chennai-Mumbai,8,10449.661157024793
Chennai-Mumbai,9,11094.345794392524
Chennai-Mumbai,10,11262.561904761904
Chennai-Mumbai,11,9982.47794117647
Chennai-Mumbai,12,9811.219858156028
Chennai-Mumbai,13,9749.751773049646
Chennai-Mumbai,14,9810.676056338029
Chennai-Mumbai,15,9982.60447761194
Chennai-Mumbai,16,6919.842857142857
Chennai-Mumbai,17,6751.26618705036
Chennai-Mumbai,18,5280.992857142857
Chennai-Mumbai,19,5329.455172413793
Chennai-Mumbai,20,4883.964539007092
Chennai-Mumbai,21,4959.787671232877
Chennai-Mumbai,22,5035.35294117647
Chennai-Mumbai,23,5830.73381294964
Chennai-Mumbai,24,5528.286713286713
Chennai-Mumbai,25,4757.935714285714
Chennai-Mumbai,26,4545.0352112676055
Chennai-Mumbai,27,4727.0283687943265
Chennai-Mumbai,28,4571.935251798561
Chennai-Mumbai,29,4518.481203007519
Chennai-Mumbai,30,5621.304964539007
Chennai-Mumbai,31,4185.2642857142855
Chennai-Mumbai,32,3947.590909090909
Chennai-Mumbai,33,4145.143835616438
Chennai-Mumbai,34,4489.58394160584
Chennai-Mumbai,35,4464.255319148936
Chennai-Mumbai,36,4241.786259541985
Chennai-Mumbai,37,5131.181818181818
Chennai-Mumbai,38,5562.829931972789
Chennai-Mumbai,39,3983.5563909774437
Chennai-Mumbai,40,3869.1304347826085
Chennai-Mumbai,41,3972.978417266187
Chennai-Mumbai,42,3938.175182481752
Chennai-Mumbai,43,4044.3984962406016
Chennai-Mumbai,44,4080.248120300752
Chennai-Mumbai,45,4201.177966101695
Chennai-Mumbai,46,3996.6754385964914
Chennai-Mumbai,47,3997.714285714286
Chennai-Mumbai,48,3973.3035714285716
Chennai-Mumbai,49,4021.4210526315787
Delhi-Bangalore,1,12938.989795918367
Delhi-Bangalore,2,12043.894736842105
Delhi-Bangalore,3,12037.586666666666
Delhi-Bangalore,4,10134.545454545454
Delhi-Bangalore,5,9700.223529411765
Delhi-Bangalore,6,9816.732954545454
Delhi-Bangalore,7,10044.574712643678
Delhi-Bangalore,8,10041.015625
Delhi-Bangalore,9,10875.316129032259
Delhi-Bangalore,10,11150.02688172043
Delhi-Bangalore,11,9558.61214953271
Delhi-Bangalore,12,9531.378504672897
Delhi-Bangalore,13,9436.995
Delhi-Bangalore,14,9026.240384615385
Delhi-Bangalore,15,5266.919811320755
Delhi-Bangalore,16,5591.76354679803
Delhi-Bangalore,17,5534.850678733032
Delhi-Bangalore,18,4919.827272727272
Delhi-Bangalore,19,4782.829596412556
Delhi-Bangalore,20,4965.252336448598
Delhi-Bangalore,21,4740.091743119266
Delhi-Bangalore,22,4654.8644859813085
Delhi-Bangalore,23,4896.267281105991
Delhi-Bangalore,24,4839.794759825328
Delhi-Bangalore,25,4667.448430493274
Delhi-Bangalore,26,4449.385650224215
Delhi-Bangalore,27,4552.883177570094
Delhi-Bangalore,28,4614.142201834862
Delhi-Bangalore,29,4526.196261682243
Delhi-Bangalore,30,4540.2811059907835
Delhi-Bangalore,31,4477.331877729258
Delhi-Bangalore,32,4431.860986547085
Delhi-Bangalore,33,4488.772321428572
Delhi-Bangalore,34,4791.4953271028035
Delhi-Bangalore,35,4907.3302752293575
Delhi-Bangalore,36,4647.793427230047
Delhi-Bangalore,37,4574.082949308756
Delhi-Bangalore,38,4793.131578947368
Delhi-Bangalore,39,4562.269058295964
Delhi-Bangalore,40,4487.869369369369
Delhi-Bangalore,41,4558.929906542056
Delhi-Bangalore,42,4543.866972477064
Delhi-Bangalore,43,4483.570093457944
Delhi-Bangalore,44,4608.190476190476
Delhi-Bangalore,45,4486.231111111111
Delhi-Bangalore,46,4408.4881516587675
Delhi-Bangalore,47,4366.742081447964
Delhi-Bangalore,48,4377.240196078431
Delhi-Bangalore,49,4489.1621621621625
Delhi-Chennai,1,12306.266666666666
Delhi-Chennai,2,11680.613636363636
Delhi-Chennai,3,11032.051282051281
Delhi-Chennai,4,10248.9
Delhi-Chennai,5,10642.320388349515
Delhi-Chennai,6,10071.404958677685
Delhi-Chennai,7,10353.100917431193
Delhi-Chennai,8,10321.185483870968
Delhi-Chennai,9,10966.364341085271
Delhi-Chennai,10,10818.161904761904
Delhi-Chennai,11,9781.994350282486
Delhi-Chennai,12,9775.152542372882
Delhi-Chennai,13,9728.649425287356
Delhi-Chennai,14,9377.95625
Delhi-Chennai,15,5300.459119496855
Delhi-Chennai,16,5453.137142857143
Delhi-Chennai,17,5549.936170212766
Delhi-Chennai,18,4704.823204419889
Delhi-Chennai,19,4639.525139664805
Delhi-Chennai,20,4665.899441340782
Delhi-Chennai,21,4799.148148148148
Delhi-Chennai,22,5015.373563218391
Delhi-Chennai,23,5149.691428571428
Delhi-Chennai,24,5053.01226993865
Delhi-Chennai,25,4639.55
Delhi-Chennai,26,4524.948571428571
Delhi-Chennai,27,4577.551136363636
Delhi-Chennai,28,4715.6875
Delhi-Chennai,29,4836.571428571428
Delhi-Chennai,30,4546.623595505618
Delhi-Chennai,31,4667.695652173913
Delhi-Chennai,32,4446.827777777778
Delhi-Chennai,33,4437.12
Delhi-Chennai,34,4484.620689655172
Delhi-Chennai,35,4784.414012738854
Delhi-Chennai,36,4637.702247191011
Delhi-Chennai,37,4721.446927374302
Delhi-Chennai,38,5036.125
Delhi-Chennai,39,4537.07650273224
Delhi-Chennai,40,4503.528089887641
Delhi-Chennai,41,4425.827777777778
Delhi-Chennai,42,4397.088050314465
Delhi-Chennai,43,4481.125
Delhi-Chennai,44,4648.38202247191
Delhi-Chennai,45,4819.175324675325
Delhi-Chennai,46,4529.013157894737
Delhi-Chennai,47,4414.25
Delhi-Chennai,48,4381.879194630873
Delhi-Chennai,49,4577.664473684211
Delhi-Hyderabad,1,12286.612903225807
Delhi-Hyderabad,2,9747.16923076923
Delhi-Hyderabad,3,10976.25974025974
Delhi-Hyderabad,4,9617.903846153846
Delhi-Hyderabad,5,9523.471153846154
Delhi-Hyderabad,6,9684.702479338843
Delhi-Hyderabad,7,9398.678260869565
Delhi-Hyderabad,8,9669.483606557376
Delhi-Hyderabad,9,10209.01680672269
Delhi-Hyderabad,10,10184.973214285714
Delhi-Hyderabad,11,9138.807692307691
Delhi-Hyderabad,12,9232.861788617885
Delhi-Hyderabad,13,9191.581395348838
Delhi-Hyderabad,14,8577.968
Delhi-Hyderabad,15,5588.022727272727
Delhi-Hyderabad,16,5608.678832116789
Delhi-Hyderabad,17,5548.44776119403
Delhi-Hyderabad,18,4864.580419580419
Delhi-Hyderabad,19,4910.617647058823
Delhi-Hyderabad,20,4877.696551724138
Delhi-Hyderabad,21,4826.8175182481755
Delhi-Hyderabad,22,4920.114093959732
Delhi-Hyderabad,23,4874.97972972973
Delhi-Hyderabad,24,4890.9510489510485
Delhi-Hyderabad,25,4738.873333333333
Delhi-Hyderabad,26,4523.467153284671
Delhi-Hyderabad,27,4558.9375
Delhi-Hyderabad,28,4638.905109489051
Delhi-Hyderabad,29,4723.834437086092
Delhi-Hyderabad,30,4581.175675675676
Delhi-Hyderabad,31,4630.443661971831
Delhi-Hyderabad,32,4545.513333333333
Delhi-Hyderabad,33,4539.846715328467
Delhi-Hyderabad,34,4955.310344827586
Delhi-Hyderabad,35,5138.036496350365
Delhi-Hyderabad,36,5006.466216216216
Delhi-Hyderabad,37,4822.7027027027025
Delhi-Hyderabad,38,5061.482517482517
Delhi-Hyderabad,39,4604.306666666666
Delhi-Hyderabad,40,4447.284671532847
Delhi-Hyderabad,41,4507.055172413793
Delhi-Hyderabad,42,4466.153284671533
Delhi-Hyderabad,43,4546.604166666667
Delhi-Hyderabad,44,4626.94375
Delhi-Hyderabad,45,4680.842465753424
Delhi-Hyderabad,46,4559.694805194805
Delhi-Hyderabad,47,4475.807142857143
Delhi-Hyderabad,48,4438.753333333333
Delhi-Hyderabad,49,4624.881118881119
Delhi-Kolkata,1,12136.565217391304
Delhi-Kolkata,2,10602.182692307691
Delhi-Kolkata,3,11690.50406504065
Delhi-Kolkata,4,10591.537931034483
Delhi-Kolkata,5,10828.890322580644
Delhi-Kolkata,6,10383.335365853658
Delhi-Kolkata,7,10597.508875739644
Delhi-Kolkata,8,10947.273291925465
Delhi-Kolkata,9,11591.319444444445
Delhi-Kolkata,10,11121.489655172414
Delhi-Kolkata,11,9685.515789473684
Delhi-Kolkata,12,9486.212765957447
Delhi-Kolkata,13,9596.463157894737
Delhi-Kolkata,14,8939.40625
Delhi-Kolkata,15,6675.856382978724
Delhi-Kolkata,16,6488.72972972973
Delhi-Kolkata,17,6191.510989010989
Delhi-Kolkata,18,5894.1122448979595
Delhi-Kolkata,19,5848.89247311828
Delhi-Kolkata,20,6004.45744680851
Delhi-Kolkata,21,5875.546875
Delhi-Kolkata,22,5940.290322580645
Delhi-Kolkata,23,5972.857923497268
Delhi-Kolkata,24,5852.806451612903
Delhi-Kolkata,25,5583.135416666667
Delhi-Kolkata,26,5578.288770053476
Delhi-Kolkata,27,5140.762886597938
Delhi-Kolkata,28,5642.432989690722
Delhi-Kolkata,29,5802.4324324324325
Delhi-Kolkata,30,5660.807692307692
Delhi-Kolkata,31,5522.983783783784
Delhi-Kolkata,32,5333.129533678756
Delhi-Kolkata,33,5475.135135135135
Delhi-Kolkata,34,5611.413978494624
Delhi-Kolkata,35,5929.371727748691
Delhi-Kolkata,36,5670.650273224043
Delhi-Kolkata,37,5747.368131868132
Delhi-Kolkata,38,6270.967391304348
Delhi-Kolkata,39,5559.5025906735755
Delhi-Kolkata,40,5456.048648648649
Delhi-Kolkata,41,5406.414893617021
Delhi-Kolkata,42,5444.260416666667
Delhi-Kolkata,43,5506.795698924731
Delhi-Kolkata,44,5393.663101604278
Delhi-Kolkata,45,5315.479532163743
Delhi-Kolkata,46,5123.027777777777
Delhi-Kolkata,47,5178.605714285714
Delhi-Kolkata,48,5249.988636363636
Delhi-Kolkata,49,5231.335195530726
Delhi-Mumbai,1,12380.792452830188
Delhi-Mumbai,2,11044.442622950819
Delhi-Mumbai,3,11837.838461538462
Delhi-Mumbai,4,9696.324840764331
Delhi-Mumbai,5,9512.005917159764
Delhi-Mumbai,6,9608.44
Delhi-Mumbai,7,9817.68888888889
Delhi-Mumbai,8,10094.748603351954
Delhi-Mumbai,9,10566.345238095239
Delhi-Mumbai,10,11050.333333333334
Delhi-Mumbai,11,9246.0
Delhi-Mumbai,12,8976.37899543379
Delhi-Mumbai,13,8910.065420560748
Delhi-Mumbai,14,8438.462264150943
Delhi-Mumbai,15,5271.295774647887
Delhi-Mumbai,16,5418.634615384615
Delhi-Mumbai,17,5514.738095238095
Delhi-Mumbai,18,4947.963636363636
Delhi-Mumbai,19,4766.294930875576
Delhi-Mumbai,20,4668.227906976745
Delhi-Mumbai,21,4575.780373831775
Delhi-Mumbai,22,4601.714285714285
Delhi-Mumbai,23,4708.2211981566825
Delhi-Mumbai,24,4887.7657657657655
Delhi-Mumbai,25,4454.8317757009345
Delhi-Mumbai,26,4366.728110599079
Delhi-Mumbai,27,4431.465437788019
Delhi-Mumbai,28,4435.111111111111
Delhi-Mumbai,29,4427.954128440367
Delhi-Mumbai,30,4467.337899543379
Delhi-Mumbai,31,4653.0502283105025
Delhi-Mumbai,32,4263.590476190476
Delhi-Mumbai,33,4351.237209302326
Delhi-Mumbai,34,4561.480952380953
Delhi-Mumbai,35,4748.759433962264
Delhi-Mumbai,36,4640.986111111111
Delhi-Mumbai,37,4614.474885844749
Delhi-Mumbai,38,5201.558558558559
Delhi-Mumbai,39,4461.590476190476
Delhi-Mumbai,40,4376.958139534884
Delhi-Mumbai,41,4382.859154929577
Delhi-Mumbai,42,4348.985849056604
Delhi-Mumbai,43,4447.083333333333
Delhi-Mumbai,44,4357.102803738318
Delhi-Mumbai,45,4809.951219512195
Delhi-Mumbai,46,4399.014634146341
Delhi-Mumbai,47,4299.409756097561
Delhi-Mumbai,48,4307.137931034483
Delhi-Mumbai,49,4342.17
Hyderabad-Bangalore,1,9813.8
Hyderabad-Bangalore,2,12654.657142857142
Hyderabad-Bangalore,3,12437.068965517241
Hyderabad-Bangalore,4,10377.709302325582
Hyderabad-Bangalore,5,9639.261904761905
Hyderabad-Bangalore,6,9116.61616161616
Hyderabad-Bangalore,7,9066.197802197803
Hyderabad-Bangalore,8,9354.625
Hyderabad-Bangalore,9,9684.166666666666
Hyderabad-Bangalore,10,9822.02752293578
Hyderabad-Bangalore,11,8679.136363636364
Hyderabad-Bangalore,12,8587.178217821782
Hyderabad-Bangalore,13,8753.242990654206
Hyderabad-Bangalore,14,8747.29702970297
Hyderabad-Bangalore,15,8485.050505050505
Hyderabad-Bangalore,16,5954.421568627451
Hyderabad-Bangalore,17,5397.121495327103
Hyderabad-Bangalore,18,5326.614678899083
Hyderabad-Bangalore,19,4999.884955752213
Hyderabad-Bangalore,20,5059.792792792793
Hyderabad-Bangalore,21,5051.417391304348
Hyderabad-Bangalore,22,5123.277777777777
Hyderabad-Bangalore,23,5286.263636363637
Hyderabad-Bangalore,24,5185.886956521739
Hyderabad-Bangalore,25,5051.773913043478
Hyderabad-Bangalore,26,4950.456140350877
Hyderabad-Bangalore,27,5069.303571428572
Hyderabad-Bangalore,28,5003.912280701755
Hyderabad-Bangalore,29,5616.311926605505
Hyderabad-Bangalore,30,5242.585585585585
Hyderabad-Bangalore,31,4956.460869565218
Hyderabad-Bangalore,32,4848.079646017699
Hyderabad-Bangalore,33,4721.303571428572
Hyderabad-Bangalore,34,4986.684684684685
Hyderabad-Bangalore,35,5142.407079646017
Hyderabad-Bangalore,36,5508.626168224299
Hyderabad-Bangalore,37,5190.9
Hyderabad-Bangalore,38,5304.269565217392
Hyderabad-Bangalore,39,4881.561403508772
Hyderabad-Bangalore,40,4797.123893805309
Hyderabad-Bangalore,41,4887.945454545455
Hyderabad-Bangalore,42,4847.212389380531
Hyderabad-Bangalore,43,5347.944444444444
Hyderabad-Bangalore,44,4891.785714285715
Hyderabad-Bangalore,45,4450.601503759399
Hyderabad-Bangalore,46,4353.4390243902435
Hyderabad-Bangalore,47,4302.422764227642
Hyderabad-Bangalore,48,4385.429752066116
Hyderabad-Bangalore,49,4398.852459016393
Hyderabad-Chennai,1,12528.454545454546
Hyderabad-Chennai,2,12249.35
Hyderabad-Chennai,3,12953.245614035088
Hyderabad-Chennai,4,10529.057142857142
Hyderabad-Chennai,5,10076.444444444445
Hyderabad-Chennai,6,9822.197530864198
Hyderabad-Chennai,7,9656.934065934065
Hyderabad-Chennai,8,10067.75
Hyderabad-Chennai,9,10175.416666666666
Hyderabad-Chennai,10,9432.922077922078
Hyderabad-Chennai,12,8641.793103448275
Hyderabad-Chennai,13,8950.6
Hyderabad-Chennai,14,9283.787234042553
Hyderabad-Chennai,15,8603.756756756757
Hyderabad-Chennai,16,6379.8117647058825
Hyderabad-Chennai,17,6163.375
Hyderabad-Chennai,18,5343.606382978724
Hyderabad-Chennai,19,4961.8
Hyderabad-Chennai,20,5081.114942528736
Hyderabad-Chennai,21,4570.630952380952
Hyderabad-Chennai,22,5428.885057471264
Hyderabad-Chennai,23,5458.287234042553
Hyderabad-Chennai,24,5211.031914893617
Hyderabad-Chennai,25,4761.752808988764
Hyderabad-Chennai,26,4657.978021978022
Hyderabad-Chennai,27,4824.418604651163
Hyderabad-Chennai,28,4823.044444444445
Hyderabad-Chennai,29,5301.4
Hyderabad-Chennai,30,4862.663043478261
Hyderabad-Chennai,31,4988.054794520548
Hyderabad-Chennai,32,4721.643835616438
Hyderabad-Chennai,33,4541.934210526316
Hyderabad-Chennai,34,4983.382352941177
Hyderabad-Chennai,35,4724.875
Hyderabad-Chennai,36,4912.122222222222
Hyderabad-Chennai,37,4593.989130434783
Hyderabad-Chennai,38,4976.931034482759
Hyderabad-Chennai,39,4844.708333333333
Hyderabad-Chennai,40,4752.4857142857145
Hyderabad-Chennai,41,4722.928571428572
Hyderabad-Chennai,42,4719.450704225352
Hyderabad-Chennai,43,5200.239436619719
Hyderabad-Chennai,44,4730.1
Hyderabad-Chennai,45,4664.808823529412
Hyderabad-Chennai,46,4628.55223880597
Hyderabad-Chennai,47,4678.403225806452
Hyderabad-Chennai,48,4583.333333333333
Hyderabad-Chennai,49,4737.131147540984
Hyderabad-Delhi,1,14120.615384615385
Hyderabad-Delhi,2,12553.686274509804
Hyderabad-Delhi,3,12140.74074074074
Hyderabad-Delhi,4,10182.068181818182
Hyderabad-Delhi,5,9913.576086956522
Hyderabad-Delhi,6,9829.405940594059
Hyderabad-Delhi,7,10028.41121495327
Hyderabad-Delhi,8,10040.81308411215
Hyderabad-Delhi,9,10502.480392156862
Hyderabad-Delhi,10,10086.078947368422
Hyderabad-Delhi,11,9120.416666666666
Hyderabad-Delhi,12,8940.291338582678
Hyderabad-Delhi,13,8910.480620155038
Hyderabad-Delhi,14,9110.51968503937
Hyderabad-Delhi,15,8265.370078740158
Hyderabad-Delhi,16,4864.6140350877195
Hyderabad-Delhi,17,5307.110294117647
Hyderabad-Delhi,18,5214.303703703704
Hyderabad-Delhi,19,4885.765957446809
Hyderabad-Delhi,20,4814.646616541353
Hyderabad-Delhi,21,4758.613138686132
Hyderabad-Delhi,22,4930.030534351145
Hyderabad-Delhi,23,4922.570422535211
Hyderabad-Delhi,24,4966.906474820144
Hyderabad-Delhi,25,4732.139705882353
Hyderabad-Delhi,26,4733.607142857143
Hyderabad-Delhi,27,4732.285714285715
Hyderabad-Delhi,28,4760.510638297872
Hyderabad-Delhi,29,4977.312977099236
Hyderabad-Delhi,30,4925.142857142857
Hyderabad-Delhi,31,4703.455882352941
Hyderabad-Delhi,32,4547.580152671756
Hyderabad-Delhi,33,4509.246268656716
Hyderabad-Delhi,34,4749.575757575758
Hyderabad-Delhi,35,4795.1925925925925
Hyderabad-Delhi,36,4838.546875
Hyderabad-Delhi,37,4877.624113475177
Hyderabad-Delhi,38,5242.847826086957
Hyderabad-Delhi,39,4656.267175572519
Hyderabad-Delhi,40,4542.948148148148
Hyderabad-Delhi,41,4589.107692307693
Hyderabad-Delhi,42,4544.503703703704
Hyderabad-Delhi,43,4724.161538461539
Hyderabad-Delhi,44,4669.2578125
Hyderabad-Delhi,45,4666.266666666666
Hyderabad-Delhi,46,4475.851851851852
Hyderabad-Delhi,47,4453.44696969697
Hyderabad-Delhi,48,4522.222222222223
Hyderabad-Delhi,49,4507.869230769231
Hyderabad-Kolkata,1,12886.888888888889
Hyderabad-Kolkata,2,11586.448979591836
Hyderabad-Kolkata,3,11880.04054054054
Hyderabad-Kolkata,4,9725.71264367816
Hyderabad-Kolkata,5,10393.62886597938
Hyderabad-Kolkata,6,9923.683673469388
Hyderabad-Kolkata,7,9708.626262626263
Hyderabad-Kolkata,8,9964.875
Hyderabad-Kolkata,9,10576.053763440861
Hyderabad-Kolkata,10,10344.83193277311
Hyderabad-Kolkata,11,9199.655737704918
Hyderabad-Kolkata,12,8460.661157024793
Hyderabad-Kolkata,13,9000.470085470086
Hyderabad-Kolkata,14,8844.188524590163
Hyderabad-Kolkata,15,8487.37614678899
Hyderabad-Kolkata,16,7292.449612403101
Hyderabad-Kolkata,17,6111.5
Hyderabad-Kolkata,18,5999.878048780488
Hyderabad-Kolkata,19,5794.763779527559
Hyderabad-Kolkata,20,6100.561983471074
Hyderabad-Kolkata,21,5546.590909090909
Hyderabad-Kolkata,22,6045.6557377049185
Hyderabad-Kolkata,23,6131.395348837209
Hyderabad-Kolkata,24,5837.2578125
Hyderabad-Kolkata,25,5728.488188976378
Hyderabad-Kolkata,26,5537.937007874016
Hyderabad-Kolkata,27,5707.9838709677415
Hyderabad-Kolkata,28,5727.968503937008
Hyderabad-Kolkata,29,6331.475806451613
Hyderabad-Kolkata,30,6371.4488188976375
Hyderabad-Kolkata,31,5440.604651162791
Hyderabad-Kolkata,32,5352.325203252032
Hyderabad-Kolkata,33,5477.312
Hyderabad-Kolkata,34,4175.537037037037
Hyderabad-Kolkata,35,5997.079365079365
Hyderabad-Kolkata,36,6157.491935483871
Hyderabad-Kolkata,37,6083.771653543307
Hyderabad-Kolkata,38,6110.392307692307
Hyderabad-Kolkata,39,5343.314516129032
Hyderabad-Kolkata,40,5077.3046875
Hyderabad-Kolkata,41,5323.327868852459
Hyderabad-Kolkata,42,5232.784
Hyderabad-Kolkata,43,5748.170731707317
Hyderabad-Kolkata,44,5448.5
Hyderabad-Kolkata,45,5328.390243902439
Hyderabad-Kolkata,46,5215.915966386555
Hyderabad-Kolkata,47,5237.474137931034
Hyderabad-Kolkata,48,5345.042372881356
Hyderabad-Kolkata,49,5257.681034482759
Hyderabad-Mumbai,1,14609.941176470587
Hyderabad-Mumbai,2,14604.245901639344
Hyderabad-Mumbai,3,13765.140625
Hyderabad-Mumbai,4,9707.549549549549
Hyderabad-Mumbai,5,9499.694214876034
Hyderabad-Mumbai,6,9127.561538461538
Hyderabad-Mumbai,7,9446.552
Hyderabad-Mumbai,8,9573.248120300752
Hyderabad-Mumbai,9,10627.140186915887
Hyderabad-Mumbai,10,9786.088
Hyderabad-Mumbai,11,8402.177215189873
Hyderabad-Mumbai,12,8261.477419354838
Hyderabad-Mumbai,13,8185.763157894737
Hyderabad-Mumbai,14,8504.688311688311
Hyderabad-Mumbai,15,8353.601265822785
Hyderabad-Mumbai,16,6189.013698630137
Hyderabad-Mumbai,17,5739.557046979866
Hyderabad-Mumbai,18,4918.688311688312
Hyderabad-Mumbai,19,4846.076433121019
Hyderabad-Mumbai,20,4759.5759493670885
Hyderabad-Mumbai,21,4680.0875
Hyderabad-Mumbai,22,4760.430379746836
Hyderabad-Mumbai,23,4883.866242038216
Hyderabad-Mumbai,24,4860.895424836602
Hyderabad-Mumbai,25,4512.948387096774
Hyderabad-Mumbai,26,4445.955414012738
Hyderabad-Mumbai,27,4494.429487179487
Hyderabad-Mumbai,28,4552.364779874214
Hyderabad-Mumbai,29,4861.398734177215
Hyderabad-Mumbai,30,4874.3836477987425
Hyderabad-Mumbai,31,4727.450980392156
Hyderabad-Mumbai,32,4407.261146496815
Hyderabad-Mumbai,33,4328.9875
Hyderabad-Mumbai,34,4543.3057324840765
Hyderabad-Mumbai,35,4849.679245283019
Hyderabad-Mumbai,36,4637.9240506329115
Hyderabad-Mumbai,37,4628.320512820513
Hyderabad-Mumbai,38,5570.5526315789475
Hyderabad-Mumbai,39,4499.107594936709
Hyderabad-Mumbai,40,4349.7594936708865
Hyderabad-Mumbai,41,4368.698113207547
Hyderabad-Mumbai,42,4312.798742138365
Hyderabad-Mumbai,43,4541.06329113924
Hyderabad-Mumbai,44,4549.675496688742
Hyderabad-Mumbai,45,4457.231884057971
Hyderabad-Mumbai,46,4381.248062015504
Hyderabad-Mumbai,47,4359.276119402985
Hyderabad-Mumbai,48,4305.62015503876
Hyderabad-Mumbai,49,4317.740458015267
Kolkata-Bangalore,1,14043.93023255814
Kolkata-Bangalore,2,13272.578125
Kolkata-Bangalore,3,12790.281690140846
Kolkata-Bangalore,4,11156.709090909091
Kolkata-Bangalore,5,11382.905660377359
Kolkata-Bangalore,6,10704.356589147286
Kolkata-Bangalore,7,10938.4
Kolkata-Bangalore,8,10358.78125
Kolkata-Bangalore,9,12059.857142857143
Kolkata-Bangalore,10,11663.886178861789
Kolkata-Bangalore,11,10057.019607843138
Kolkata-Bangalore,12,9266.2
Kolkata-Bangalore,13,9665.490566037735
Kolkata-Bangalore,14,9612.90579710145
Kolkata-Bangalore,15,8930.442176870749
Kolkata-Bangalore,16,7028.042253521126
Kolkata-Bangalore,17,7232.664429530201
Kolkata-Bangalore,18,6251.705882352941
Kolkata-Bangalore,19,6241.808219178082
Kolkata-Bangalore,20,6191.311688311688
Kolkata-Bangalore,21,6268.9047619047615
Kolkata-Bangalore,22,6379.078947368421
Kolkata-Bangalore,23,6890.630136986301
Kolkata-Bangalore,24,7225.5192307692305
Kolkata-Bangalore,25,6157.146496815287
Kolkata-Bangalore,26,6137.074324324324
Kolkata-Bangalore,27,6138.069620253164
Kolkata-Bangalore,28,6198.6824324324325
Kolkata-Bangalore,29,6168.61038961039
Kolkata-Bangalore,30,6660.3125
Kolkata-Bangalore,31,6128.16
Kolkata-Bangalore,32,5844.544871794872
Kolkata-Bangalore,33,5748.890410958904
Kolkata-Bangalore,34,5781.640522875817
Kolkata-Bangalore,35,6188.337931034483
Kolkata-Bangalore,36,6009.119205298013
Kolkata-Bangalore,37,6157.601449275362
Kolkata-Bangalore,38,6514.751677852349
Kolkata-Bangalore,39,5818.311688311688
Kolkata-Bangalore,40,5813.140939597315
Kolkata-Bangalore,41,5887.264516129032
Kolkata-Bangalore,42,5893.060402684564
Kolkata-Bangalore,43,5783.164473684211
Kolkata-Bangalore,44,6040.611111111111
Kolkata-Bangalore,45,5913.164473684211
Kolkata-Bangalore,46,5870.493055555556
Kolkata-Bangalore,47,5669.6
Kolkata-Bangalore,48,5813.006993006993
Kolkata-Bangalore,49,5783.64
Kolkata-Chennai,1,13763.391304347826
Kolkata-Chennai,2,13777.018867924528
Kolkata-Chennai,3,13718.302325581395
Kolkata-Chennai,4,12599.527777777777
Kolkata-Chennai,5,12271.643835616438
Kolkata-Chennai,6,11673.0
Kolkata-Chennai,7,12531.4625
Kolkata-Chennai,8,11330.529411764706
Kolkata-Chennai,9,12550.621621621622
Kolkata-Chennai,10,12359.882352941177
Kolkata-Chennai,11,11491.731958762886
Kolkata-Chennai,12,10908.322222222223
Kolkata-Chennai,13,10812.232323232323
Kolkata-Chennai,14,11161.91011235955
Kolkata-Chennai,15,10114.604395604396
Kolkata-Chennai,16,7772.966666666666
Kolkata-Chennai,17,7997.786516853933
Kolkata-Chennai,18,6448.64705882353
Kolkata-Chennai,19,6489.133333333333
Kolkata-Chennai,20,6458.257425742574
Kolkata-Chennai,21,6552.864583333333
Kolkata-Chennai,22,7273.301886792453
Kolkata-Chennai,23,7338.54
Kolkata-Chennai,24,7518.418367346939
Kolkata-Chennai,25,6467.9807692307695
Kolkata-Chennai,26,6358.161616161616
Kolkata-Chennai,27,6273.156862745098
Kolkata-Chennai,28,6506.183673469388
Kolkata-Chennai,29,6516.301886792453
Kolkata-Chennai,30,6835.951923076923
Kolkata-Chennai,31,6210.7052631578945
Kolkata-Chennai,32,5686.424528301887
Kolkata-Chennai,33,5599.323232323232
Kolkata-Chennai,34,5406.5
Kolkata-Chennai,35,5861.135416666667
Kolkata-Chennai,36,5633.631067961165
Kolkata-Chennai,37,5932.367346938776
Kolkata-Chennai,38,6584.877777777778
Kolkata-Chennai,39,5650.057142857143
Kolkata-Chennai,40,5506.1122448979595
Kolkata-Chennai,41,5444.825242718447
Kolkata-Chennai,42,5454.309278350515
Kolkata-Chennai,43,5317.567307692308
Kolkata-Chennai,44,5636.242424242424
Kolkata-Chennai,45,5902.244897959184
Kolkata-Chennai,47,5461.104166666667
Kolkata-Chennai,48,5708.725274725275
Kolkata-Chennai,49,5447.86170212766
Kolkata-Delhi,1,12549.597402597403
Kolkata-Delhi,2,12071.464285714286
Kolkata-Delhi,4,11269.628787878788
Kolkata-Delhi,5,11367.917355371901
Kolkata-Delhi,6,11113.160839160839
Kolkata-Delhi,7,10759.838235294117
Kolkata-Delhi,8,10615.188811188811
Kolkata-Delhi,9,11080.619047619048
Kolkata-Delhi,10,11384.893129770993
Kolkata-Delhi,11,10110.525423728814
Kolkata-Delhi,12,9772.070175438597
Kolkata-Delhi,13,9673.24858757062
Kolkata-Delhi,14,9712.863905325445
Kolkata-Delhi,15,9242.099415204679
Kolkata-Delhi,16,6540.654088050314
Kolkata-Delhi,17,6728.988304093567
Kolkata-Delhi,18,5934.622093023256
Kolkata-Delhi,19,5966.245614035088
Kolkata-Delhi,20,6000.696629213483
Kolkata-Delhi,21,5850.233918128655
Kolkata-Delhi,22,5878.022598870057
Kolkata-Delhi,23,6177.782608695652
Kolkata-Delhi,24,6271.05325443787
Kolkata-Delhi,25,5899.3615819209035
Kolkata-Delhi,26,5812.488372093023
Kolkata-Delhi,27,5859.022727272727
Kolkata-Delhi,28,5798.040462427745
Kolkata-Delhi,29,5878.542372881356
Kolkata-Delhi,30,6371.74251497006
Kolkata-Delhi,31,5713.389221556886
Kolkata-Delhi,32,5386.531791907514
Kolkata-Delhi,33,5412.688622754491
Kolkata-Delhi,34,5629.959302325581
Kolkata-Delhi,35,5975.644970414201
Kolkata-Delhi,36,5919.116959064328
Kolkata-Delhi,37,5797.780487804878
Kolkata-Delhi,38,6223.387878787878
Kolkata-Delhi,39,5414.132947976878
Kolkata-Delhi,40,5313.773809523809
Kolkata-Delhi,41,5288.683908045977
Kolkata-Delhi,42,5303.349112426035
Kolkata-Delhi,43,5274.418604651163
Kolkata-Delhi,44,5575.345911949686
Kolkata-Delhi,45,5333.327380952381
Kolkata-Delhi,46,5323.355828220859
Kolkata-Delhi,47,5143.2235294117645
Kolkata-Delhi,48,5307.888888888889
Kolkata-Delhi,49,5286.558823529412
Kolkata-Hyderabad,1,14924.951219512195
Kolkata-Hyderabad,2,13883.557142857142
Kolkata-Hyderabad,3,13746.774647887323
Kolkata-Hyderabad,4,11997.03125
Kolkata-Hyderabad,5,11890.387096774193
Kolkata-Hyderabad,6,11327.990990990991
Kolkata-Hyderabad,7,11560.184466019418
Kolkata-Hyderabad,8,11074.805555555555
Kolkata-Hyderabad,9,11451.990291262136
Kolkata-Hyderabad,10,11736.792452830188
Kolkata-Hyderabad,11,10889.521739130434
Kolkata-Hyderabad,12,10328.70093457944
Kolkata-Hyderabad,13,10366.0
Kolkata-Hyderabad,14,10651.4
Kolkata-Hyderabad,15,10096.121951219513
Kolkata-Hyderabad,16,7040.2844827586205
Kolkata-Hyderabad,17,7322.918699186992
Kolkata-Hyderabad,18,6178.237704918033
Kolkata-Hyderabad,19,6157.076271186441
Kolkata-Hyderabad,20,6090.5887096774195
Kolkata-Hyderabad,21,6027.172413793103
Kolkata-Hyderabad,22,6184.016949152542
Kolkata-Hyderabad,23,7152.089430894309
Kolkata-Hyderabad,24,7108.305785123967
Kolkata-Hyderabad,25,5937.8442622950815
Kolkata-Hyderabad,26,6012.4789915966385
Kolkata-Hyderabad,27,5855.912
Kolkata-Hyderabad,28,5930.361344537815
Kolkata-Hyderabad,29,6005.1557377049185
Kolkata-Hyderabad,30,6777.770491803279
Kolkata-Hyderabad,31,6013.872881355932
Kolkata-Hyderabad,32,5281.727272727273
Kolkata-Hyderabad,33,5227.70796460177
Kolkata-Hyderabad,34,5422.235772357723
Kolkata-Hyderabad,35,5861.680672268908
Kolkata-Hyderabad,36,5774.198347107438
Kolkata-Hyderabad,37,5889.122950819672
Kolkata-Hyderabad,38,6686.084033613445
Kolkata-Hyderabad,39,5351.471544715447
Kolkata-Hyderabad,40,5308.689075630252
Kolkata-Hyderabad,41,5241.079365079365
Kolkata-Hyderabad,42,5203.983193277311
Kolkata-Hyderabad,43,5245.100840336135
Kolkata-Hyderabad,44,5379.606557377049
Kolkata-Hyderabad,45,5790.972972972973
Kolkata-Hyderabad,46,5273.772727272727
Kolkata-Hyderabad,47,5135.810810810811
Kolkata-Hyderabad,48,5332.638888888889
Kolkata-Hyderabad,49,5244.844660194175
Kolkata-Mumbai,1,12372.260869565218
Kolkata-Mumbai,2,13009.54255319149
Kolkata-Mumbai,3,12782.720930232557
Kolkata-Mumbai,4,11479.857142857143
Kolkata-Mumbai,5,11675.625954198473
Kolkata-Mumbai,6,10638.635714285714
Kolkata-Mumbai,7,10949.697183098591
Kolkata-Mumbai,8,10916.027210884355
Kolkata-Mumbai,9,11621.5
Kolkata-Mumbai,10,11810.65
Kolkata-Mumbai,11,10390.832369942196
Kolkata-Mumbai,12,9990.017647058823
Kolkata-Mumbai,13,9894.470930232557
Kolkata-Mumbai,14,9908.117647058823
Kolkata-Mumbai,15,9464.398843930636
Kolkata-Mumbai,16,6979.544943820225
Kolkata-Mumbai,17,7280.918128654971
Kolkata-Mumbai,18,6252.306358381503
Kolkata-Mumbai,19,6178.477777777778
Kolkata-Mumbai,20,6035.068571428571
Kolkata-Mumbai,21,6132.553672316384
Kolkata-Mumbai,22,6424.982857142857
Kolkata-Mumbai,23,6874.846994535519
Kolkata-Mumbai,24,6872.854748603352
Kolkata-Mumbai,25,5969.167597765363
Kolkata-Mumbai,26,6044.776536312849
Kolkata-Mumbai,27,5900.297142857143
Kolkata-Mumbai,28,6003.7206703910615
Kolkata-Mumbai,29,6074.448863636364
Kolkata-Mumbai,30,6665.75956284153
Kolkata-Mumbai,31,6061.083798882682
Kolkata-Mumbai,32,5708.9944444444445
Kolkata-Mumbai,33,5684.783333333334
Kolkata-Mumbai,34,5733.181818181818
Kolkata-Mumbai,35,6038.872222222222
Kolkata-Mumbai,36,6005.296089385475
Kolkata-Mumbai,37,6062.76404494382
Kolkata-Mumbai,38,6460.613259668508
Kolkata-Mumbai,39,5719.388888888889
Kolkata-Mumbai,40,5678.209039548023
Kolkata-Mumbai,41,5651.318181818182
Kolkata-Mumbai,42,5611.269662921349
Kolkata-Mumbai,43,5691.536723163842
Kolkata-Mumbai,44,5634.428571428572
Kolkata-Mumbai,45,6007.0058139534885
Kolkata-Mumbai,46,5851.910714285715
Kolkata-Mumbai,47,5673.741379310345
Kolkata-Mumbai,48,5823.286585365854
Kolkata-Mumbai,49,5715.029585798817
Mumbai-Bangalore,1,11635.10447761194
Mumbai-Bangalore,2,11120.561904761904
Mumbai-Bangalore,3,10910.854961832061
Mumbai-Bangalore,4,9548.068965517241
Mumbai-Bangalore,5,9380.246575342466
Mumbai-Bangalore,6,9051.987577639751
Mumbai-Bangalore,7,9296.175757575758
Mumbai-Bangalore,8,9292.477124183006
Mumbai-Bangalore,9,9603.772151898735
Mumbai-Bangalore,10,9444.888235294118
Mumbai-Bangalore,11,8439.213903743315
Mumbai-Bangalore,12,8404.968085106382
Mumbai-Bangalore,13,8430.636363636364
Mumbai-Bangalore,14,8788.152173913044
Mumbai-Bangalore,15,8523.645502645502
Mumbai-Bangalore,16,6045.755319148936
Mumbai-Bangalore,17,6092.247368421053
Mumbai-Bangalore,18,5573.121052631579
Mumbai-Bangalore,19,5539.074074074074
Mumbai-Bangalore,20,5408.152631578947
Mumbai-Bangalore,21,5385.115183246074
Mumbai-Bangalore,22,5607.795811518325
Mumbai-Bangalore,23,5403.284210526316
Mumbai-Bangalore,24,5452.364583333333
Mumbai-Bangalore,25,5183.372972972973
Mumbai-Bangalore,26,5261.8994708994705
Mumbai-Bangalore,27,5173.952127659574
Mumbai-Bangalore,28,5131.263157894737
Mumbai-Bangalore,29,5425.962765957447
Mumbai-Bangalore,30,5002.596685082873
Mumbai-Bangalore,31,5091.747368421053
Mumbai-Bangalore,32,4926.989010989011
Mumbai-Bangalore,33,4865.261111111111
Mumbai-Bangalore,34,4980.754098360656
Mumbai-Bangalore,35,5556.705882352941
Mumbai-Bangalore,36,5641.940217391304
Mumbai-Bangalore,37,5317.4162162162165
Mumbai-Bangalore,38,5458.1505376344085
Mumbai-Bangalore,39,4930.427777777778
Mumbai-Bangalore,40,4847.668508287293
Mumbai-Bangalore,41,4950.288043478261
Mumbai-Bangalore,42,5023.865591397849
Mumbai-Bangalore,43,5174.989010989011
Mumbai-Bangalore,44,5026.191489361702
Mumbai-Bangalore,45,4910.078212290503
Mumbai-Bangalore,46,4666.311111111111
Mumbai-Bangalore,47,4766.073033707865
Mumbai-Bangalore,48,4687.988888888889
Mumbai-Bangalore,49,4844.683333333333
Mumbai-Chennai,1,13494.567164179105
Mumbai-Chennai,2,12457.868131868132
Mumbai-Chennai,3,11612.504201680673
Mumbai-Chennai,4,10609.991150442478
Mumbai-Chennai,5,10411.632478632479
Mumbai-Chennai,6,10109.261904761905
Mumbai-Chennai,7,10547.939393939394
Mumbai-Chennai,8,10881.0
Mumbai-Chennai,9,11138.547008547008
Mumbai-Chennai,10,10707.12962962963
Mumbai-Chennai,11,9751.133333333333
Mumbai-Chennai,12,9902.791366906475
Mumbai-Chennai,13,9588.211678832116
Mumbai-Chennai,14,10175.796992481202
Mumbai-Chennai,15,10047.100719424461
Mumbai-Chennai,16,6269.237037037037
Mumbai-Chennai,17,5925.627586206897
Mumbai-Chennai,18,4968.597222222223
Mumbai-Chennai,19,4659.006944444444
Mumbai-Chennai,20,4641.136690647482
Mumbai-Chennai,21,4699.172413793103
Mumbai-Chennai,22,5236.691780821918
Mumbai-Chennai,23,5086.369863013699
Mumbai-Chennai,24,5010.517241379311
Mumbai-Chennai,25,4656.648275862069
Mumbai-Chennai,26,4535.354166666667
Mumbai-Chennai,27,4475.007246376812
Mumbai-Chennai,28,4489.04794520548
Mumbai-Chennai,29,4723.080536912752
Mumbai-Chennai,30,4610.081081081081
Mumbai-Chennai,31,4329.226027397261
Mumbai-Chennai,32,4055.6388888888887
Mumbai-Chennai,33,4058.9310344827586
Mumbai-Chennai,34,4073.4751773049647
Mumbai-Chennai,35,4605.066666666667
Mumbai-Chennai,36,4492.172413793103
Mumbai-Chennai,37,4492.138157894737
Mumbai-Chennai,38,4630.60544217687
Mumbai-Chennai,39,4134.875862068966
Mumbai-Chennai,40,3933.006993006993
Mumbai-Chennai,41,4032.345323741007
Mumbai-Chennai,42,4042.42
Mumbai-Chennai,43,3995.554794520548
Mumbai-Chennai,44,4033.2751677852348
Mumbai-Chennai,45,3920.1742424242425
Mumbai-Chennai,46,3972.335877862595
Mumbai-Chennai,47,3863.299212598425
Mumbai-Chennai,48,3862.720930232558
Mumbai-Chennai,49,3978.4848484848485
Mumbai-Delhi,1,12069.367647058823
Mumbai-Delhi,2,10985.451923076924
Mumbai-Delhi,3,10503.93023255814
Mumbai-Delhi,4,9978.808917197452
Mumbai-Delhi,5,9649.777777777777
Mumbai-Delhi,6,9850.068965517241
Mumbai-Delhi,7,9813.028735632184
Mumbai-Delhi,8,10133.62874251497
Mumbai-Delhi,9,10191.18064516129
Mumbai-Delhi,10,9925.775147928995
Mumbai-Delhi,11,8854.726829268293
Mumbai-Delhi,12,8729.071770334927
Mumbai-Delhi,13,8749.888372093023
Mumbai-Delhi,14,8445.59420289855
Mumbai-Delhi,15,5432.597156398104
Mumbai-Delhi,16,5105.260204081633
Mumbai-Delhi,17,4905.5097087378645
Mumbai-Delhi,18,4778.327102803738
Mumbai-Delhi,19,4607.292452830188
Mumbai-Delhi,20,4517.630331753555
Mumbai-Delhi,21,4400.414285714286
Mumbai-Delhi,22,4530.395348837209
Mumbai-Delhi,23,4753.654028436019
Mumbai-Delhi,24,4665.10407239819
Mumbai-Delhi,25,4300.252336448598
Mumbai-Delhi,26,4198.939252336449
Mumbai-Delhi,27,4354.7962962962965
Mumbai-Delhi,28,4371.685185185185
Mumbai-Delhi,29,4583.8899082568805
Mumbai-Delhi,30,4512.4
Mumbai-Delhi,31,4423.87962962963
Mumbai-Delhi,32,4228.240566037736
Mumbai-Delhi,33,4288.763033175355
Mumbai-Delhi,34,4576.301435406698
Mumbai-Delhi,35,4754.066666666667
Mumbai-Delhi,36,4681.041860465116
Mumbai-Delhi,37,4626.395238095238
Mumbai-Delhi,38,5031.036363636364
Mumbai-Delhi,39,4400.169811320755
Mumbai-Delhi,40,4172.585714285714
Mumbai-Delhi,41,4217.4047619047615
Mumbai-Delhi,42,4215.890476190476
Mumbai-Delhi,43,4506.7302325581395
Mumbai-Delhi,44,4285.314009661835
Mumbai-Delhi,45,4232.957345971564
Mumbai-Delhi,46,4144.096153846154
Mumbai-Delhi,47,4092.1634615384614
Mumbai-Delhi,48,4137.917874396136
Mumbai-Delhi,49,4148.697115384615
Mumbai-Hyderabad,1,11804.723076923077
Mumbai-Hyderabad,2,10719.715596330276
Mumbai-Hyderabad,3,9965.614678899083
Mumbai-Hyderabad,4,9061.743362831858
Mumbai-Hyderabad,5,8540.709401709402
Mumbai-Hyderabad,6,8830.441860465116
Mumbai-Hyderabad,7,9405.107438016528
Mumbai-Hyderabad,8,9109.823076923078
Mumbai-Hyderabad,9,9239.328125
Mumbai-Hyderabad,10,9263.147286821706
Mumbai-Hyderabad,11,8052.598684210527
Mumbai-Hyderabad,12,8080.972789115646
Mumbai-Hyderabad,13,8167.603896103896
Mumbai-Hyderabad,14,8461.324503311258
Mumbai-Hyderabad,15,7787.417808219178
Mumbai-Hyderabad,16,5588.641379310345
Mumbai-Hyderabad,17,5175.027586206897
Mumbai-Hyderabad,18,4625.848684210527
Mumbai-Hyderabad,19,4685.966666666666
Mumbai-Hyderabad,20,4558.873333333333
Mumbai-Hyderabad,21,4610.3441558441555
Mumbai-Hyderabad,22,4645.714285714285
Mumbai-Hyderabad,23,4570.148648648648
Mumbai-Hyderabad,24,4798.869281045751
Mumbai-Hyderabad,25,4334.688741721854
Mumbai-Hyderabad,26,4176.3892617449665
Mumbai-Hyderabad,27,4299.171052631579
Mumbai-Hyderabad,28,4325.642857142857
Mumbai-Hyderabad,29,4551.24025974026
Mumbai-Hyderabad,30,4414.894039735099
Mumbai-Hyderabad,31,4590.013071895425
Mumbai-Hyderabad,32,4193.614379084967
Mumbai-Hyderabad,33,4162.713333333333
Mumbai-Hyderabad,34,4568.456953642384
Mumbai-Hyderabad,35,4760.843137254902
Mumbai-Hyderabad,36,4830.738562091503
Mumbai-Hyderabad,37,4462.887417218543
Mumbai-Hyderabad,38,4843.843137254902
Mumbai-Hyderabad,39,4252.894736842105
Mumbai-Hyderabad,40,4084.1879194630874
Mumbai-Hyderabad,41,4232.337662337663
Mumbai-Hyderabad,42,4292.187096774193
Mumbai-Hyderabad,43,4482.564935064935
Mumbai-Hyderabad,44,4320.238095238095
Mumbai-Hyderabad,45,4575.2773722627735
Mumbai-Hyderabad,46,4150.316176470588
Mumbai-Hyderabad,47,4158.363636363636
Mumbai-Hyderabad,48,4112.611940298508
Mumbai-Hyderabad,49,4268.022900763359
Mumbai-Kolkata,1,13715.09589041096
Mumbai-Kolkata,2,12254.773195876289
Mumbai-Kolkata,3,12170.593220338984
Mumbai-Kolkata,4,11031.748299319728
Mumbai-Kolkata,5,10617.448979591836
Mumbai-Kolkata,6,10897.771604938273
Mumbai-Kolkata,7,11174.560240963856
Mumbai-Kolkata,8,11060.171974522293
Mumbai-Kolkata,9,11428.969135802468
Mumbai-Kolkata,10,11014.048484848485
Mumbai-Kolkata,11,9963.290322580646
Mumbai-Kolkata,12,9803.966666666667
Mumbai-Kolkata,13,9777.961111111112
Mumbai-Kolkata,14,10056.438502673796
Mumbai-Kolkata,15,9984.768421052631
Mumbai-Kolkata,16,6957.865979381443
Mumbai-Kolkata,17,6515.984848484848
Mumbai-Kolkata,18,5867.368983957219
Mumbai-Kolkata,19,5933.565445026178
Mumbai-Kolkata,20,5920.659217877095
Mumbai-Kolkata,21,5948.957894736842
Mumbai-Kolkata,22,5944.0
Mumbai-Kolkata,23,6191.312169312169
Mumbai-Kolkata,24,6073.341836734694
Mumbai-Kolkata,25,5729.191489361702
Mumbai-Kolkata,26,5669.481865284974
Mumbai-Kolkata,27,5671.988888888889
Mumbai-Kolkata,28,5740.510638297872
Mumbai-Kolkata,29,5976.368983957219
Mumbai-Kolkata,30,5935.559139784947
Mumbai-Kolkata,31,5499.540816326531
Mumbai-Kolkata,32,5274.537634408603
Mumbai-Kolkata,33,5404.921465968587
Mumbai-Kolkata,34,5580.298342541437
Mumbai-Kolkata,35,5763.59067357513
Mumbai-Kolkata,36,5677.539682539683
Mumbai-Kolkata,37,5916.618279569892
Mumbai-Kolkata,38,6158.278350515464
Mumbai-Kolkata,39,5312.935483870968
Mumbai-Kolkata,40,5185.021276595745
Mumbai-Kolkata,41,5217.594444444445
Mumbai-Kolkata,42,5217.920634920635
Mumbai-Kolkata,43,5283.594594594595
Mumbai-Kolkata,44,5684.54255319149
Mumbai-Kolkata,45,5383.526595744681
Mumbai-Kolkata,46,5281.730337078651
Mumbai-Kolkata,47,5313.596590909091
Mumbai-Kolkata,48,5453.551724137931
Mumbai-Kolkata,49,5420.351955307263
