route,mean_price,median_price,min_price,max_price,std_price,cv_price,range_price,iqr_price,skew_price,last_minute_premium,late_price,early_price,days_price_corr,days_price_slope,cluster,segment
Bangalore-Chennai,52391.98732517483,49992.0,26682.0,82320.0,8376.96759213204,0.1598902431423293,55638.0,16116.0,0.1503387097473855,1.0907162323095911,57024.56428571429,52281.76,0.0037596603541561,2.369257105158677,1,East-South Stable Business
Bangalore-Delhi,48094.89322436066,50361.0,32923.0,81497.0,10037.1010939247,0.2086936974181862,48574.0,12320.0,0.1294862769173035,1.115045874619264,52669.48134328358,47235.25959079284,-0.1137937942957704,-83.87380951256881,0,Delhi Metro Business
Bangalore-Hyderabad,50844.64988251091,56476.0,26818.0,83239.0,9600.421269471432,0.1888187113424041,56421.0,18603.0,-0.2472558784190877,1.1092924894190883,55599.338308457714,50121.44122383253,-0.0917570590804558,-64.73772974202596,2,Premium Mumbai Mixed Business
Bangalore-Kolkata,58545.15016077171,60508.0,25000.0,83177.0,8564.016598501963,0.1462805471500916,58177.0,9374.25,-0.6570201026354923,1.0826414320305398,62722.80487804878,57934.9755351682,-0.1132274526574994,-71.16621368569301,2,Premium Mumbai Mixed Business
Bangalore-Mumbai,57559.775816203146,54684.0,20760.0,84896.0,15120.486860888326,0.2626918997942291,64136.0,14560.0,-1.1084065188049383,1.100312982684312,62537.48322147651,56836.08591885441,-0.0671203122067886,-74.56808722815065,2,Premium Mumbai Mixed Business
Chennai-Bangalore,52998.22402854877,58970.0,26546.0,82184.0,8748.82973042091,0.1650777906389493,55638.0,16116.0,0.2051460721782075,1.129883912801346,59051.46551724138,52263.30320150659,-0.106907684293445,-68.25800026520467,2,Premium Mumbai Mixed Business
Chennai-Delhi,52315.93957258659,57920.0,27792.0,84049.0,11996.13784427307,0.2293017757547646,56257.0,14975.0,-0.5028507490991286,1.0789363427529848,55426.1186440678,51371.07394366197,-0.0815874348462211,-71.89011668265809,2,Premium Mumbai Mixed Business
Chennai-Hyderabad,51358.955577015935,51345.0,39432.0,84497.0,10625.923613073708,0.2068952433648982,45065.0,10393.0,1.287040644361198,1.0991329630113813,56751.94074074074,51633.37162162162,-0.0127579745395631,-10.1433600242798,1,East-South Stable Business
Chennai-Kolkata,57337.37621832359,55377.0,25600.0,84464.0,5944.523132786546,0.1036762322390124,58864.0,481.0,2.22943995091693,1.113702886808991,62721.086956521736,56317.61190476191,-0.2118286202767977,-93.19833974528218,1,East-South Stable Business
Chennai-Mumbai,54956.547304170905,56273.0,23424.0,84800.0,13798.296398279948,0.2510764790573503,61376.0,14426.0,-0.5441336809369114,1.1147323674848757,60212.93650793651,54015.598958333336,-0.0818453818822503,-85.33890489393497,2,Premium Mumbai Mixed Business
Delhi-Bangalore,48566.517455391775,49177.0,32859.0,83561.0,10072.060941706352,0.2073869297084666,50702.0,12432.0,0.0360687470101085,1.102378822715144,52870.051094890514,47959.96621621621,-0.1024115730029308,-76.87543818075872,0,Delhi Metro Business
Delhi-Chennai,51776.34302325582,52392.0,27864.0,83113.0,12319.053042930867,0.2379282182481998,55249.0,14975.0,-0.1673912590906179,1.082862014042874,55787.92626728111,51518.96136701337,-0.0579048350143399,-51.65283316598082,2,Premium Mumbai Mixed Business
Delhi-Hyderabad,44337.406785844585,46097.0,23944.0,84838.0,11034.729184421154,0.24888079805209,60894.0,12376.0,-0.407354799698631,1.1234437344370742,49252.96172248804,43841.05782312925,-0.085297409471695,-68.0897746138718,0,Delhi Metro Business
Delhi-Kolkata,55494.63983840895,57405.0,27976.0,84793.0,14777.990288550036,0.2662958140025966,56817.0,23291.0,-0.4067751449856511,1.016392073406125,56050.69298245614,55146.723837209305,-0.0208852162777218,-22.47291837798334,2,Premium Mumbai Mixed Business
Delhi-Mumbai,44241.30309901739,42312.0,22152.0,82816.0,11700.689758197415,0.2644743472408544,60664.0,16587.0,-0.0644405173520216,1.138191273466317,49343.47457627119,43352.53285328533,-0.0945620689941867,-80.31904931404902,0,Delhi Metro Business
Hyderabad-Bangalore,50612.78668683813,56590.0,26932.0,83353.0,10330.938706396044,0.2041171684601711,56421.0,18603.0,0.0259551069918292,1.205148805364071,59545.41379310345,49409.17962003454,-0.1185104249210767,-91.37599614567084,2,Premium Mumbai Mixed Business
Hyderabad-Chennai,50968.65571557156,51595.0,39682.0,84075.0,9318.652551076397,0.1828310443006137,44393.0,10393.0,1.4057804200962236,1.05662279393677,54159.59154929577,51257.2621564482,0.0408798383612168,28.40474130467565,1,East-South Stable Business
Hyderabad-Delhi,44216.96300763973,47395.0,24122.0,76694.0,10913.355815785782,0.2468137808085144,52572.0,12376.0,-0.3983062808112037,1.0820166808625156,47013.22289156626,43449.62857142857,-0.0838789978339273,-67.06620999593947,0,Delhi Metro Business
Hyderabad-Kolkata,54052.622395833336,51819.0,25600.0,84154.0,7543.465432305661,0.1395578067806595,58554.0,1792.0,1.597216612161749,1.0878738180335,58284.48684210526,53576.514,-0.0581828853131714,-32.51905094454942,1,East-South Stable Business
Hyderabad-Mumbai,54286.27427775844,53835.0,21669.0,84557.0,9624.522690727528,0.1772920101586484,62888.0,14672.0,0.1378275510196819,1.1118521297686192,59789.94761904762,53775.08934707904,-0.104385293292304,-73.97870001862765,2,Premium Mumbai Mixed Business
Kolkata-Bangalore,58146.480402358655,60978.0,25470.0,82729.0,8017.367520120973,0.1378822495298573,57259.0,8691.0,-0.9196271273218174,1.063499855565643,60921.52747252747,57284.00164203613,-0.0916332987025553,-54.21770097640643,2,Premium Mumbai Mixed Business
Kolkata-Chennai,57209.9947519084,55983.0,26206.0,82751.0,5199.737806082228,0.0908886258184593,56545.0,481.0,1.5795570473142713,1.0574298634346593,59692.79166666666,56450.8283062645,-0.0795785587048007,-30.47595089927221,1,East-South Stable Business
Kolkata-Delhi,54152.32421132649,53743.0,28510.0,84879.0,15234.296602220647,0.2813230424380242,56369.0,22153.0,-0.1440991294898806,1.075237510174714,57861.83505154639,53813.07339449541,-0.041549855544376,-46.15853285928853,2,Premium Mumbai Mixed Business
Kolkata-Hyderabad,53450.95766221813,52175.0,25956.0,82393.0,6603.025565583861,0.123534279915273,56437.0,112.0,1.8648185075371155,1.0592215039692752,55942.41095890411,52814.64806866953,-0.0705217069963284,-34.09281064836281,1,East-South Stable Business
Kolkata-Mumbai,56818.14121560327,58111.0,31838.0,84857.0,11423.451377185607,0.2010528879119425,53019.0,14560.0,-0.0960440074232638,1.0348540185355195,58028.1116751269,56073.71729323308,-0.0555787245229316,-47.30566986236729,2,Premium Mumbai Mixed Business
Mumbai-Bangalore,56983.25184638109,54608.0,20684.0,84820.0,14789.073949724332,0.2595336957882574,64136.0,12320.0,-1.1823141218844142,1.0997731966733928,61685.23616236162,56089.05213270142,-0.0624056318182081,-68.0944238890904,2,Premium Mumbai Mixed Business
Mumbai-Chennai,55437.83058964382,57453.0,23484.0,84860.0,13035.603851264632,0.2351391407747433,61376.0,14560.0,-0.7334327529994501,1.1368029291728166,60975.99583333333,53638.14102564102,-0.11249146245788,-109.63880168680392,2,Premium Mumbai Mixed Business
Mumbai-Delhi,43746.96097658595,41269.0,22140.0,84669.0,11715.952494823783,0.2678118029980263,62529.0,16587.0,-0.024528664478217,1.1339890876355292,48727.31420765027,42969.82637571158,-0.0850361488607258,-72.72759069538375,0,Delhi Metro Business
Mumbai-Hyderabad,53637.358755338624,53645.0,21479.0,84557.0,8791.981163121924,0.1639152517413404,63078.0,14672.0,0.0006416375742712,1.1011832045051912,58246.18644067797,52894.18345864661,-0.1086482795223477,-70.12455298800919,2,Premium Mumbai Mixed Business
Mumbai-Kolkata,56709.02802008988,57565.0,31292.0,84669.0,11171.86510875433,0.1970032902838073,53377.0,14560.0,-0.1851064992115544,1.0396155893256345,57887.87012987013,55681.9950799508,-0.0805860781527459,-66.653361664021,2,Premium Mumbai Mixed Business
